Symbol	Group
AZO	美股360_1
MELI	美股360_1
KLAC	美股360_1
ASML	美股360_1
COST	美股360_1
GS	美股360_1
CAT	美股360_1
REGN	美股360_1
META	美股360_1
IDXX	美股360_1
STX	美股360_1
LIN	美股360_1
ISRG	美股360_1
VRTX	美股360_1
MU	美股360_1
SNPS	美股360_1
APP	美股360_1
CRWD	美股360_1
AMAT	美股360_1
MSFT	美股360_1
AVGO	美股360_1
INTU	美股360_1
MAR	美股360_1
ROP	美股360_1
TSLA	美股360_1
WDC	美股360_1
ADI	美股360_1
AMGN	美股360_1
HD	美股360_1
SHW	美股360_1
ALNY	美股360_1
AXP	美股360_1
GOOGL	美股360_1
GOOG	美股360_1
JPM	美股360_1
UNH	美股360_1
V	美股360_1
MCD	美股360_1
TRV	美股360_1
CEG	美股360_1
CDNS	美股360_1
LRCX	美股360_1
AAPL	美股360_1
AMD	美股360_1
ADBE	美股360_1
AMZN	美股360_1
JNJ	美股360_1
IBM	美股360_1
HON	美股360_1
CHTR	美股360_1
BA	美股360_1
ROST	美股360_1
TXN	美股360_1
ODFL	美股360_1
EA	美股360_1
TTWO	美股360_1
TMUS	美股360_1
CVX	美股360_1
NVDA	美股360_1
FANG	美股360_1
BKNG	美股360_1
BIIB	美股360_1
CTAS	美股360_1
CRM	美股360_1
VRSK	美股360_1
LULU	美股360_1
PANW	美股360_1
DASH	美股360_1
PEP	美股360_1
MMM	美股360_1
PG	美股360_1
GILD	美股360_1
AEP	美股360_1
PLTR	美股360_1
CDW	美股360_1
QCOM	美股360_1
ABNB	美股360_1
ILMN	美股360_1
WMT	美股360_1
ZS	美股360_1
MRK	美股360_1
WDAY	美股360_1
DDOG	美股360_1
NFLX	美股360_1
DLTR	美股360_1
DIS	美股360_1
PDD	美股360_1
SBUX	美股360_1
ORLY	美股360_1
PAYX	美股360_1
ZM	美股360_1
CSCO	美股360_1
FTNT	美股360_1
KO	美股360_1
MNST	美股360_1
GEHC	美股360_1
MCHP	美股360_1
ON	美股360_1
OKTA	美股360_1
DXCM	美股360_1
BKR	美股360_1
TEAM	美股360_1
CTSH	美股360_1
MDLZ	美股360_1
MRNA	美股360_1
GFS	美股360_1
EXC	美股360_1
FAST	美股360_1
VZ	美股360_1
NKE	美股360_1
CSX	美股360_1
CSGP	美股360_1
CPRT	美股360_1
ENPH	美股360_1
WBD	美股360_1
KDP	美股360_1
SIRI	美股360_1
KHC	美股360_1
RIVN	美股360_1
LCID	美股360_1
BLK	美股360_2
LLY	美股360_2
GEV	美股360_2
MCK	美股360_2
LITE	美股360_2
URI	美股360_2
SNDK	美股360_2
CW	美股360_2
LMT	美股360_2
DE	美股360_2
ULTA	美股360_2
MA	美股360_2
TMO	美股360_2
SPOT	美股360_2
CIEN	美股360_2
SPGI	美股360_2
FDX	美股360_2
ETN	美股360_2
LHX	美股360_2
GD	美股360_2
TSM	美股360_2
BURL	美股360_2
TLN	美股360_2
CVNA	美股360_2
TER	美股360_2
CME	美股360_2
HLT	美股360_2
CLS	美股360_2
NSC	美股360_2
GE	美股360_2
LNG	美股360_2
RCL	美股360_2
CI	美股360_2
VRT	美股360_2
COHR	美股360_2
MDB	美股360_2
UNP	美股360_2
VLO	美股360_2
FTAI	美股360_2
ADSK	美股360_2
HWM	美股360_2
LOW	美股360_2
EXPE	美股360_2
CAH	美股360_2
PNC	美股360_2
NET	美股360_2
ABBV	美股360_2
AEM	美股360_2
HSY	美股360_2
ADP	美股360_2
ACN	美股360_2
RTX	美股360_2
FSLR	美股360_2
PGR	美股360_2
GNRC	美股360_2
DHR	美股360_2
COF	美股360_2
DLR	美股360_2
ALB	美股360_2
SCCO	美股360_2
HUM	美股360_2
PSX	美股360_2
DELL	美股360_2
SAP	美股360_2
COIN	美股360_2
ALGN	美股360_2
MS	美股360_2
TXRH	美股360_2
TJX	美股360_2
XOM	美股360_2
PM	美股360_2
NRG	美股360_2
SNOW	美股360_2
STZ	美股360_2
VST	美股360_2
ARM	美股360_2
GLW	美股360_2
EOG	美股360_2
TPR	美股360_2
FUTU	美股360_2
DHI	美股360_2
RDDT	美股360_2
BE	美股360_2
WPM	美股360_2
EMR	美股360_2
TWLO	美股360_2
COP	美股360_2
CF	美股360_2
ECHO	美股360_2
ANET	美股360_2
BABA	美股360_2
TGT	美股360_2
MSTR	美股360_2
DG	美股360_2
SHOP	美股360_2
PHM	美股360_2
ALAB	美股360_2
C	美股360_2
NEM	美股360_2
BX	美股360_2
CCJ	美股360_2
BIDU	美股360_2
AFL	美股360_2
NBIS	美股360_2
MRVL	美股360_2
APO	美股360_2
CRH	美股360_2
IRM	美股360_2
PPG	美股360_2
ABT	美股360_2
WYNN	美股360_2
NOW	美股360_2
CRDO	美股360_2
DECK	美股360_2
UPS	美股360_2
ROKU	美股360_2
SO	美股360_2
KMB	美股360_2
EBAY	美股360_2
SCHW	美股360_2
NEE	美股360_3
SHEL	美股360_3
ASTS	美股360_3
UAL	美股360_3
KKR	美股360_3
CRCL	美股360_3
MDT	美股360_3
LEN	美股360_3
CL	美股360_3
ACM	美股360_3
HSBC	美股360_3
SE	美股360_3
CRWV	美股360_3
GDDY	美股360_3
WFC	美股360_3
NTR	美股360_3
AIG	美股360_3
CVS	美股360_3
GM	美股360_3
KR	美股360_3
WMB	美股360_3
UBER	美股360_3
AA	美股360_3
HOOD	美股360_3
IBKR	美股360_3
RKLB	美股360_3
KTOS	美股360_3
DAL	美股360_3
SU	美股360_3
MO	美股360_3
BBY	美股360_3
OXY	美股360_3
BSX	美股360_3
FCX	美股360_3
RBLX	美股360_3
XYZ	美股360_3
EQT	美股360_3
BMY	美股360_3
FISV	美股360_3
PAAS	美股360_3
LVS	美股360_3
ENB	美股360_3
SYM	美股360_3
USB	美股360_3
MT	美股360_3
TECK	美股360_3
RBRK	美股360_3
INTC	美股360_3
DVN	美股360_3
SLB	美股360_3
BAC	美股360_3
CNQ	美股360_3
AFRM	美股360_3
FIS	美股360_3
PYPL	美股360_3
TSCO	美股360_3
APA	美股360_3
B	美股360_3
DOW	美股360_3
AR	美股360_3
HAL	美股360_3
LUV	美股360_3
EPD	美股360_3
NVO	美股360_3
PL	美股360_3
CNC	美股360_3
IP	美股360_3
IREN	美股360_3
CTRA	美股360_3
CMG	美股360_3
ONON	美股360_3
KMI	美股360_3
IOT	美股360_3
KGC	美股360_3
TEVA	美股360_3
IONQ	美股360_3
JD	美股360_3
T	美股360_3
PFE	美股360_3
CMCSA	美股360_3
CHWY	美股360_3
ING	美股360_3
TOST	美股360_3
CCL	美股360_3
HPE	美股360_3
GME	美股360_3
SMCI	美股360_3
FHN	美股360_3
DKNG	美股360_3
PAA	美股360_3
HRL	美股360_3
TTD	美股360_3
AG	美股360_3
NLY	美股360_3
FIG	美股360_3
SONY	美股360_3
PBR	美股360_3
HPQ	美股360_3
SMMT	美股360_3
HL	美股360_3
CDE	美股360_3
QXO	美股360_3
CPNG	美股360_3
ET	美股360_3
LI	美股360_3
PINS	美股360_3
XPEV	美股360_3
KVUE	美股360_3
VALE	美股360_3
SOFI	美股360_3
VOD	美股360_3
RKT	美股360_3
BEKE	美股360_3
VG	美股360_3
AES	美股360_3
NU	美股360_3
F	美股360_3
AGNC	美股360_3
PSKY	美股360_3
NOK	美股360_3
OWL	美股360_3
STLA	美股360_3
NIO	美股360_3
GRAB	美股360_3
ABEV	美股360_3
